,product_name,review_rating,tokenized_review,review_content,rating
0,"TÖST All-Natural Non-Alcoholic Sparkling Beverage with White tea, White cranberry, Ginger, 25.4 Fl Oz (Pack of 6)",1,amazon,1,Negative
235,"TÖST All-Natural Non-Alcoholic Sparkling Beverage with White tea, White cranberry, Ginger, 25.4 Fl Oz (Pack of 6)",5,yummmm,1,Positive
234,"TÖST All-Natural Non-Alcoholic Sparkling Beverage with White tea, White cranberry, Ginger, 25.4 Fl Oz (Pack of 6)",5,year,1,Positive
233,"TÖST All-Natural Non-Alcoholic Sparkling Beverage with White tea, White cranberry, Ginger, 25.4 Fl Oz (Pack of 6)",5,worried,1,Positive
232,"TÖST All-Natural Non-Alcoholic Sparkling Beverage with White tea, White cranberry, Ginger, 25.4 Fl Oz (Pack of 6)",5,work,1,Positive
231,"TÖST All-Natural Non-Alcoholic Sparkling Beverage with White tea, White cranberry, Ginger, 25.4 Fl Oz (Pack of 6)",5,wonderful,1,Positive
230,"TÖST All-Natural Non-Alcoholic Sparkling Beverage with White tea, White cranberry, Ginger, 25.4 Fl Oz (Pack of 6)",5,without,1,Positive
228,"TÖST All-Natural Non-Alcoholic Sparkling Beverage with White tea, White cranberry, Ginger, 25.4 Fl Oz (Pack of 6)",5,weekend,1,Positive
236,"TÖST All-Natural Non-Alcoholic Sparkling Beverage with White tea, White cranberry, Ginger, 25.4 Fl Oz (Pack of 6)",5,yummy,1,Positive
227,"TÖST All-Natural Non-Alcoholic Sparkling Beverage with White tea, White cranberry, Ginger, 25.4 Fl Oz (Pack of 6)",5,way,1,Positive
225,"TÖST All-Natural Non-Alcoholic Sparkling Beverage with White tea, White cranberry, Ginger, 25.4 Fl Oz (Pack of 6)",5,wait,1,Positive
224,"TÖST All-Natural Non-Alcoholic Sparkling Beverage with White tea, White cranberry, Ginger, 25.4 Fl Oz (Pack of 6)",5,w,1,Positive
223,"TÖST All-Natural Non-Alcoholic Sparkling Beverage with White tea, White cranberry, Ginger, 25.4 Fl Oz (Pack of 6)",5,vt,1,Positive
222,"TÖST All-Natural Non-Alcoholic Sparkling Beverage with White tea, White cranberry, Ginger, 25.4 Fl Oz (Pack of 6)",5,vermont,1,Positive
221,"TÖST All-Natural Non-Alcoholic Sparkling Beverage with White tea, White cranberry, Ginger, 25.4 Fl Oz (Pack of 6)",5,vendor,1,Positive
220,"TÖST All-Natural Non-Alcoholic Sparkling Beverage with White tea, White cranberry, Ginger, 25.4 Fl Oz (Pack of 6)",5,value,1,Positive
219,"TÖST All-Natural Non-Alcoholic Sparkling Beverage with White tea, White cranberry, Ginger, 25.4 Fl Oz (Pack of 6)",5,unlike,1,Positive
226,"TÖST All-Natural Non-Alcoholic Sparkling Beverage with White tea, White cranberry, Ginger, 25.4 Fl Oz (Pack of 6)",5,want,1,Positive
237,"TÖST All-Natural Non-Alcoholic Sparkling Beverage with White tea, White cranberry, Ginger, 25.4 Fl Oz (Pack of 6)",5,“,1,Positive
238,"TÖST All-Natural Non-Alcoholic Sparkling Beverage with White tea, White cranberry, Ginger, 25.4 Fl Oz (Pack of 6)",5,”,1,Positive
239,"TÖST All-Natural Non-Alcoholic Sparkling Beverage with White tea, White cranberry, Ginger, 25.4 Fl Oz (Pack of 6)",5,❤️,1,Positive
257,"TÖST Rosé All-Natural Non-Alcoholic Sparkling Beverage Refresher with White tea, Elderberry, Ginger, 25.4 Fl Oz (Rosé, Pack of 3)",1,disappointed,1,Negative
256,"TÖST Rosé All-Natural Non-Alcoholic Sparkling Beverage Refresher with White tea, Elderberry, Ginger, 25.4 Fl Oz (Rosé, Pack of 3)",1,difficult,1,Negative
255,"TÖST Rosé All-Natural Non-Alcoholic Sparkling Beverage Refresher with White tea, Elderberry, Ginger, 25.4 Fl Oz (Rosé, Pack of 3)",1,delivered,1,Negative
254,"TÖST Rosé All-Natural Non-Alcoholic Sparkling Beverage Refresher with White tea, Elderberry, Ginger, 25.4 Fl Oz (Rosé, Pack of 3)",1,damaged,1,Negative
253,"TÖST Rosé All-Natural Non-Alcoholic Sparkling Beverage Refresher with White tea, Elderberry, Ginger, 25.4 Fl Oz (Rosé, Pack of 3)",1,cut,1,Negative
252,"TÖST Rosé All-Natural Non-Alcoholic Sparkling Beverage Refresher with White tea, Elderberry, Ginger, 25.4 Fl Oz (Rosé, Pack of 3)",1,craving,1,Negative
251,"TÖST Rosé All-Natural Non-Alcoholic Sparkling Beverage Refresher with White tea, Elderberry, Ginger, 25.4 Fl Oz (Rosé, Pack of 3)",1,couple,1,Negative
250,"TÖST Rosé All-Natural Non-Alcoholic Sparkling Beverage Refresher with White tea, Elderberry, Ginger, 25.4 Fl Oz (Rosé, Pack of 3)",1,completely,1,Negative
249,"TÖST Rosé All-Natural Non-Alcoholic Sparkling Beverage Refresher with White tea, Elderberry, Ginger, 25.4 Fl Oz (Rosé, Pack of 3)",1,color,1,Negative
248,"TÖST Rosé All-Natural Non-Alcoholic Sparkling Beverage Refresher with White tea, Elderberry, Ginger, 25.4 Fl Oz (Rosé, Pack of 3)",1,cheap,1,Negative
247,"TÖST Rosé All-Natural Non-Alcoholic Sparkling Beverage Refresher with White tea, Elderberry, Ginger, 25.4 Fl Oz (Rosé, Pack of 3)",1,brunch,1,Negative
246,"TÖST Rosé All-Natural Non-Alcoholic Sparkling Beverage Refresher with White tea, Elderberry, Ginger, 25.4 Fl Oz (Rosé, Pack of 3)",1,broken,1,Negative
245,"TÖST Rosé All-Natural Non-Alcoholic Sparkling Beverage Refresher with White tea, Elderberry, Ginger, 25.4 Fl Oz (Rosé, Pack of 3)",1,bottle,1,Negative
244,"TÖST Rosé All-Natural Non-Alcoholic Sparkling Beverage Refresher with White tea, Elderberry, Ginger, 25.4 Fl Oz (Rosé, Pack of 3)",1,arrives,1,Negative
242,"TÖST Rosé All-Natural Non-Alcoholic Sparkling Beverage Refresher with White tea, Elderberry, Ginger, 25.4 Fl Oz (Rosé, Pack of 3)",1,anyone,1,Negative
241,"TÖST Rosé All-Natural Non-Alcoholic Sparkling Beverage Refresher with White tea, Elderberry, Ginger, 25.4 Fl Oz (Rosé, Pack of 3)",1,amazon,1,Negative
240,"TÖST Rosé All-Natural Non-Alcoholic Sparkling Beverage Refresher with White tea, Elderberry, Ginger, 25.4 Fl Oz (Rosé, Pack of 3)",1,able,1,Negative
218,"TÖST All-Natural Non-Alcoholic Sparkling Beverage with White tea, White cranberry, Ginger, 25.4 Fl Oz (Pack of 6)",5,unique,1,Positive
217,"TÖST All-Natural Non-Alcoholic Sparkling Beverage with White tea, White cranberry, Ginger, 25.4 Fl Oz (Pack of 6)",5,unfortunately,1,Positive
216,"TÖST All-Natural Non-Alcoholic Sparkling Beverage with White tea, White cranberry, Ginger, 25.4 Fl Oz (Pack of 6)",5,tried,1,Positive
215,"TÖST All-Natural Non-Alcoholic Sparkling Beverage with White tea, White cranberry, Ginger, 25.4 Fl Oz (Pack of 6)",5,treat,1,Positive
186,"TÖST All-Natural Non-Alcoholic Sparkling Beverage with White tea, White cranberry, Ginger, 25.4 Fl Oz (Pack of 6)",5,proper,1,Positive
185,"TÖST All-Natural Non-Alcoholic Sparkling Beverage with White tea, White cranberry, Ginger, 25.4 Fl Oz (Pack of 6)",5,pretty,1,Positive
184,"TÖST All-Natural Non-Alcoholic Sparkling Beverage with White tea, White cranberry, Ginger, 25.4 Fl Oz (Pack of 6)",5,pregnant,1,Positive
183,"TÖST All-Natural Non-Alcoholic Sparkling Beverage with White tea, White cranberry, Ginger, 25.4 Fl Oz (Pack of 6)",5,pregnancy,1,Positive
182,"TÖST All-Natural Non-Alcoholic Sparkling Beverage with White tea, White cranberry, Ginger, 25.4 Fl Oz (Pack of 6)",5,pour,1,Positive
181,"TÖST All-Natural Non-Alcoholic Sparkling Beverage with White tea, White cranberry, Ginger, 25.4 Fl Oz (Pack of 6)",5,pleasant,1,Positive
357,"TÖST Rosé All-Natural Non-Alcoholic Sparkling Beverage Refresher with White tea, Elderberry, Ginger, 25.4 Fl Oz (Rosé, Pack of 3)",5,would,1,Positive
178,"TÖST All-Natural Non-Alcoholic Sparkling Beverage with White tea, White cranberry, Ginger, 25.4 Fl Oz (Pack of 6)",5,party,1,Positive
177,"TÖST All-Natural Non-Alcoholic Sparkling Beverage with White tea, White cranberry, Ginger, 25.4 Fl Oz (Pack of 6)",5,option,1,Positive
175,"TÖST All-Natural Non-Alcoholic Sparkling Beverage with White tea, White cranberry, Ginger, 25.4 Fl Oz (Pack of 6)",5,occasion,1,Positive
174,"TÖST All-Natural Non-Alcoholic Sparkling Beverage with White tea, White cranberry, Ginger, 25.4 Fl Oz (Pack of 6)",5,obsessed,1,Positive
172,"TÖST All-Natural Non-Alcoholic Sparkling Beverage with White tea, White cranberry, Ginger, 25.4 Fl Oz (Pack of 6)",5,non,1,Positive
171,"TÖST All-Natural Non-Alcoholic Sparkling Beverage with White tea, White cranberry, Ginger, 25.4 Fl Oz (Pack of 6)",5,mood,1,Positive
170,"TÖST All-Natural Non-Alcoholic Sparkling Beverage with White tea, White cranberry, Ginger, 25.4 Fl Oz (Pack of 6)",5,money,1,Positive
169,"TÖST All-Natural Non-Alcoholic Sparkling Beverage with White tea, White cranberry, Ginger, 25.4 Fl Oz (Pack of 6)",5,mom-to-be,1,Positive
168,"TÖST All-Natural Non-Alcoholic Sparkling Beverage with White tea, White cranberry, Ginger, 25.4 Fl Oz (Pack of 6)",5,missing,1,Positive
167,"TÖST All-Natural Non-Alcoholic Sparkling Beverage with White tea, White cranberry, Ginger, 25.4 Fl Oz (Pack of 6)",5,made,1,Positive
187,"TÖST All-Natural Non-Alcoholic Sparkling Beverage with White tea, White cranberry, Ginger, 25.4 Fl Oz (Pack of 6)",5,really,1,Positive
258,"TÖST Rosé All-Natural Non-Alcoholic Sparkling Beverage Refresher with White tea, Elderberry, Ginger, 25.4 Fl Oz (Rosé, Pack of 3)",1,disappointing,1,Negative
189,"TÖST All-Natural Non-Alcoholic Sparkling Beverage with White tea, White cranberry, Ginger, 25.4 Fl Oz (Pack of 6)",5,replace,1,Positive
191,"TÖST All-Natural Non-Alcoholic Sparkling Beverage with White tea, White cranberry, Ginger, 25.4 Fl Oz (Pack of 6)",5,service,1,Positive
214,"TÖST All-Natural Non-Alcoholic Sparkling Beverage with White tea, White cranberry, Ginger, 25.4 Fl Oz (Pack of 6)",5,totally,1,Positive
212,"TÖST All-Natural Non-Alcoholic Sparkling Beverage with White tea, White cranberry, Ginger, 25.4 Fl Oz (Pack of 6)",5,toasting,1,Positive
211,"TÖST All-Natural Non-Alcoholic Sparkling Beverage with White tea, White cranberry, Ginger, 25.4 Fl Oz (Pack of 6)",5,time,1,Positive
210,"TÖST All-Natural Non-Alcoholic Sparkling Beverage with White tea, White cranberry, Ginger, 25.4 Fl Oz (Pack of 6)",5,though,1,Positive
209,"TÖST All-Natural Non-Alcoholic Sparkling Beverage with White tea, White cranberry, Ginger, 25.4 Fl Oz (Pack of 6)",5,thanksgiving,1,Positive
208,"TÖST All-Natural Non-Alcoholic Sparkling Beverage with White tea, White cranberry, Ginger, 25.4 Fl Oz (Pack of 6)",5,terrific,1,Positive
207,"TÖST All-Natural Non-Alcoholic Sparkling Beverage with White tea, White cranberry, Ginger, 25.4 Fl Oz (Pack of 6)",5,tea,1,Positive
205,"TÖST All-Natural Non-Alcoholic Sparkling Beverage with White tea, White cranberry, Ginger, 25.4 Fl Oz (Pack of 6)",5,tasting,1,Positive
203,"TÖST All-Natural Non-Alcoholic Sparkling Beverage with White tea, White cranberry, Ginger, 25.4 Fl Oz (Pack of 6)",5,sweetness,1,Positive
202,"TÖST All-Natural Non-Alcoholic Sparkling Beverage with White tea, White cranberry, Ginger, 25.4 Fl Oz (Pack of 6)",5,sweet.really,1,Positive
201,"TÖST All-Natural Non-Alcoholic Sparkling Beverage with White tea, White cranberry, Ginger, 25.4 Fl Oz (Pack of 6)",5,sweet,1,Positive
200,"TÖST All-Natural Non-Alcoholic Sparkling Beverage with White tea, White cranberry, Ginger, 25.4 Fl Oz (Pack of 6)",5,spill,1,Positive
198,"TÖST All-Natural Non-Alcoholic Sparkling Beverage with White tea, White cranberry, Ginger, 25.4 Fl Oz (Pack of 6)",5,somewhere,1,Positive
197,"TÖST All-Natural Non-Alcoholic Sparkling Beverage with White tea, White cranberry, Ginger, 25.4 Fl Oz (Pack of 6)",5,slight,1,Positive
194,"TÖST All-Natural Non-Alcoholic Sparkling Beverage with White tea, White cranberry, Ginger, 25.4 Fl Oz (Pack of 6)",5,shipped,1,Positive
193,"TÖST All-Natural Non-Alcoholic Sparkling Beverage with White tea, White cranberry, Ginger, 25.4 Fl Oz (Pack of 6)",5,shape,1,Positive
192,"TÖST All-Natural Non-Alcoholic Sparkling Beverage with White tea, White cranberry, Ginger, 25.4 Fl Oz (Pack of 6)",5,set,1,Positive
190,"TÖST All-Natural Non-Alcoholic Sparkling Beverage with White tea, White cranberry, Ginger, 25.4 Fl Oz (Pack of 6)",5,rose,1,Positive
166,"TÖST All-Natural Non-Alcoholic Sparkling Beverage with White tea, White cranberry, Ginger, 25.4 Fl Oz (Pack of 6)",5,luxurious,1,Positive
260,"TÖST Rosé All-Natural Non-Alcoholic Sparkling Beverage Refresher with White tea, Elderberry, Ginger, 25.4 Fl Oz (Rosé, Pack of 3)",1,especially,1,Negative
262,"TÖST Rosé All-Natural Non-Alcoholic Sparkling Beverage Refresher with White tea, Elderberry, Ginger, 25.4 Fl Oz (Rosé, Pack of 3)",1,flag,1,Negative
332,"TÖST Rosé All-Natural Non-Alcoholic Sparkling Beverage Refresher with White tea, Elderberry, Ginger, 25.4 Fl Oz (Rosé, Pack of 3)",5,must,1,Positive
331,"TÖST Rosé All-Natural Non-Alcoholic Sparkling Beverage Refresher with White tea, Elderberry, Ginger, 25.4 Fl Oz (Rosé, Pack of 3)",5,much,1,Positive
330,"TÖST Rosé All-Natural Non-Alcoholic Sparkling Beverage Refresher with White tea, Elderberry, Ginger, 25.4 Fl Oz (Rosé, Pack of 3)",5,maker,1,Positive
327,"TÖST Rosé All-Natural Non-Alcoholic Sparkling Beverage Refresher with White tea, Elderberry, Ginger, 25.4 Fl Oz (Rosé, Pack of 3)",5,longer,1,Positive
326,"TÖST Rosé All-Natural Non-Alcoholic Sparkling Beverage Refresher with White tea, Elderberry, Ginger, 25.4 Fl Oz (Rosé, Pack of 3)",5,little,1,Positive
325,"TÖST Rosé All-Natural Non-Alcoholic Sparkling Beverage Refresher with White tea, Elderberry, Ginger, 25.4 Fl Oz (Rosé, Pack of 3)",5,impressed,1,Positive
323,"TÖST Rosé All-Natural Non-Alcoholic Sparkling Beverage Refresher with White tea, Elderberry, Ginger, 25.4 Fl Oz (Rosé, Pack of 3)",5,hot,1,Positive
333,"TÖST Rosé All-Natural Non-Alcoholic Sparkling Beverage Refresher with White tea, Elderberry, Ginger, 25.4 Fl Oz (Rosé, Pack of 3)",5,need,1,Positive
321,"TÖST Rosé All-Natural Non-Alcoholic Sparkling Beverage Refresher with White tea, Elderberry, Ginger, 25.4 Fl Oz (Rosé, Pack of 3)",5,gram,1,Positive
319,"TÖST Rosé All-Natural Non-Alcoholic Sparkling Beverage Refresher with White tea, Elderberry, Ginger, 25.4 Fl Oz (Rosé, Pack of 3)",5,glass,1,Positive
318,"TÖST Rosé All-Natural Non-Alcoholic Sparkling Beverage Refresher with White tea, Elderberry, Ginger, 25.4 Fl Oz (Rosé, Pack of 3)",5,friend,1,Positive
317,"TÖST Rosé All-Natural Non-Alcoholic Sparkling Beverage Refresher with White tea, Elderberry, Ginger, 25.4 Fl Oz (Rosé, Pack of 3)",5,freaking,1,Positive
316,"TÖST Rosé All-Natural Non-Alcoholic Sparkling Beverage Refresher with White tea, Elderberry, Ginger, 25.4 Fl Oz (Rosé, Pack of 3)",5,forward,1,Positive
315,"TÖST Rosé All-Natural Non-Alcoholic Sparkling Beverage Refresher with White tea, Elderberry, Ginger, 25.4 Fl Oz (Rosé, Pack of 3)",5,flavor,1,Positive
314,"TÖST Rosé All-Natural Non-Alcoholic Sparkling Beverage Refresher with White tea, Elderberry, Ginger, 25.4 Fl Oz (Rosé, Pack of 3)",5,find,1,Positive
313,"TÖST Rosé All-Natural Non-Alcoholic Sparkling Beverage Refresher with White tea, Elderberry, Ginger, 25.4 Fl Oz (Rosé, Pack of 3)",5,feel,1,Positive
320,"TÖST Rosé All-Natural Non-Alcoholic Sparkling Beverage Refresher with White tea, Elderberry, Ginger, 25.4 Fl Oz (Rosé, Pack of 3)",5,go,1,Positive
334,"TÖST Rosé All-Natural Non-Alcoholic Sparkling Beverage Refresher with White tea, Elderberry, Ginger, 25.4 Fl Oz (Rosé, Pack of 3)",5,non,1,Positive
335,"TÖST Rosé All-Natural Non-Alcoholic Sparkling Beverage Refresher with White tea, Elderberry, Ginger, 25.4 Fl Oz (Rosé, Pack of 3)",5,nonalcoholic,1,Positive
336,"TÖST Rosé All-Natural Non-Alcoholic Sparkling Beverage Refresher with White tea, Elderberry, Ginger, 25.4 Fl Oz (Rosé, Pack of 3)",5,obsessed,1,Positive
356,"TÖST Rosé All-Natural Non-Alcoholic Sparkling Beverage Refresher with White tea, Elderberry, Ginger, 25.4 Fl Oz (Rosé, Pack of 3)",5,without,1,Positive
355,"TÖST Rosé All-Natural Non-Alcoholic Sparkling Beverage Refresher with White tea, Elderberry, Ginger, 25.4 Fl Oz (Rosé, Pack of 3)",5,winner,1,Positive
354,"TÖST Rosé All-Natural Non-Alcoholic Sparkling Beverage Refresher with White tea, Elderberry, Ginger, 25.4 Fl Oz (Rosé, Pack of 3)",5,week,1,Positive
353,"TÖST Rosé All-Natural Non-Alcoholic Sparkling Beverage Refresher with White tea, Elderberry, Ginger, 25.4 Fl Oz (Rosé, Pack of 3)",5,try,1,Positive
352,"TÖST Rosé All-Natural Non-Alcoholic Sparkling Beverage Refresher with White tea, Elderberry, Ginger, 25.4 Fl Oz (Rosé, Pack of 3)",5,tost,1,Positive
350,"TÖST Rosé All-Natural Non-Alcoholic Sparkling Beverage Refresher with White tea, Elderberry, Ginger, 25.4 Fl Oz (Rosé, Pack of 3)",5,taste,1,Positive
349,"TÖST Rosé All-Natural Non-Alcoholic Sparkling Beverage Refresher with White tea, Elderberry, Ginger, 25.4 Fl Oz (Rosé, Pack of 3)",5,sweet,1,Positive
348,"TÖST Rosé All-Natural Non-Alcoholic Sparkling Beverage Refresher with White tea, Elderberry, Ginger, 25.4 Fl Oz (Rosé, Pack of 3)",5,sugar,1,Positive
347,"TÖST Rosé All-Natural Non-Alcoholic Sparkling Beverage Refresher with White tea, Elderberry, Ginger, 25.4 Fl Oz (Rosé, Pack of 3)",5,substitute,1,Positive
346,"TÖST Rosé All-Natural Non-Alcoholic Sparkling Beverage Refresher with White tea, Elderberry, Ginger, 25.4 Fl Oz (Rosé, Pack of 3)",5,stuff,1,Positive
344,"TÖST Rosé All-Natural Non-Alcoholic Sparkling Beverage Refresher with White tea, Elderberry, Ginger, 25.4 Fl Oz (Rosé, Pack of 3)",5,sophisticated,1,Positive
343,"TÖST Rosé All-Natural Non-Alcoholic Sparkling Beverage Refresher with White tea, Elderberry, Ginger, 25.4 Fl Oz (Rosé, Pack of 3)",5,side,1,Positive
342,"TÖST Rosé All-Natural Non-Alcoholic Sparkling Beverage Refresher with White tea, Elderberry, Ginger, 25.4 Fl Oz (Rosé, Pack of 3)",5,searching,1,Positive
340,"TÖST Rosé All-Natural Non-Alcoholic Sparkling Beverage Refresher with White tea, Elderberry, Ginger, 25.4 Fl Oz (Rosé, Pack of 3)",5,refreshing,1,Positive
339,"TÖST Rosé All-Natural Non-Alcoholic Sparkling Beverage Refresher with White tea, Elderberry, Ginger, 25.4 Fl Oz (Rosé, Pack of 3)",5,pretty,1,Positive
338,"TÖST Rosé All-Natural Non-Alcoholic Sparkling Beverage Refresher with White tea, Elderberry, Ginger, 25.4 Fl Oz (Rosé, Pack of 3)",5,perfect,1,Positive
337,"TÖST Rosé All-Natural Non-Alcoholic Sparkling Beverage Refresher with White tea, Elderberry, Ginger, 25.4 Fl Oz (Rosé, Pack of 3)",5,one,1,Positive
312,"TÖST Rosé All-Natural Non-Alcoholic Sparkling Beverage Refresher with White tea, Elderberry, Ginger, 25.4 Fl Oz (Rosé, Pack of 3)",5,favorite,1,Positive
311,"TÖST Rosé All-Natural Non-Alcoholic Sparkling Beverage Refresher with White tea, Elderberry, Ginger, 25.4 Fl Oz (Rosé, Pack of 3)",5,excellent,1,Positive
310,"TÖST Rosé All-Natural Non-Alcoholic Sparkling Beverage Refresher with White tea, Elderberry, Ginger, 25.4 Fl Oz (Rosé, Pack of 3)",5,ever,1,Positive
309,"TÖST Rosé All-Natural Non-Alcoholic Sparkling Beverage Refresher with White tea, Elderberry, Ginger, 25.4 Fl Oz (Rosé, Pack of 3)",5,evening,1,Positive
284,"TÖST Rosé All-Natural Non-Alcoholic Sparkling Beverage Refresher with White tea, Elderberry, Ginger, 25.4 Fl Oz (Rosé, Pack of 3)",1,sophisticated,1,Negative
283,"TÖST Rosé All-Natural Non-Alcoholic Sparkling Beverage Refresher with White tea, Elderberry, Ginger, 25.4 Fl Oz (Rosé, Pack of 3)",1,soda,1,Negative
281,"TÖST Rosé All-Natural Non-Alcoholic Sparkling Beverage Refresher with White tea, Elderberry, Ginger, 25.4 Fl Oz (Rosé, Pack of 3)",1,served,1,Negative
279,"TÖST Rosé All-Natural Non-Alcoholic Sparkling Beverage Refresher with White tea, Elderberry, Ginger, 25.4 Fl Oz (Rosé, Pack of 3)",1,replaced,1,Negative
277,"TÖST Rosé All-Natural Non-Alcoholic Sparkling Beverage Refresher with White tea, Elderberry, Ginger, 25.4 Fl Oz (Rosé, Pack of 3)",1,pretty,1,Negative
276,"TÖST Rosé All-Natural Non-Alcoholic Sparkling Beverage Refresher with White tea, Elderberry, Ginger, 25.4 Fl Oz (Rosé, Pack of 3)",1,piece,1,Negative
275,"TÖST Rosé All-Natural Non-Alcoholic Sparkling Beverage Refresher with White tea, Elderberry, Ginger, 25.4 Fl Oz (Rosé, Pack of 3)",1,paid,1,Negative
274,"TÖST Rosé All-Natural Non-Alcoholic Sparkling Beverage Refresher with White tea, Elderberry, Ginger, 25.4 Fl Oz (Rosé, Pack of 3)",1,otherwise,1,Negative
272,"TÖST Rosé All-Natural Non-Alcoholic Sparkling Beverage Refresher with White tea, Elderberry, Ginger, 25.4 Fl Oz (Rosé, Pack of 3)",1,mother,1,Negative
271,"TÖST Rosé All-Natural Non-Alcoholic Sparkling Beverage Refresher with White tea, Elderberry, Ginger, 25.4 Fl Oz (Rosé, Pack of 3)",1,matter,1,Negative
270,"TÖST Rosé All-Natural Non-Alcoholic Sparkling Beverage Refresher with White tea, Elderberry, Ginger, 25.4 Fl Oz (Rosé, Pack of 3)",1,look,1,Negative
269,"TÖST Rosé All-Natural Non-Alcoholic Sparkling Beverage Refresher with White tea, Elderberry, Ginger, 25.4 Fl Oz (Rosé, Pack of 3)",1,let,1,Negative
268,"TÖST Rosé All-Natural Non-Alcoholic Sparkling Beverage Refresher with White tea, Elderberry, Ginger, 25.4 Fl Oz (Rosé, Pack of 3)",1,later,1,Negative
267,"TÖST Rosé All-Natural Non-Alcoholic Sparkling Beverage Refresher with White tea, Elderberry, Ginger, 25.4 Fl Oz (Rosé, Pack of 3)",1,late,1,Negative
265,"TÖST Rosé All-Natural Non-Alcoholic Sparkling Beverage Refresher with White tea, Elderberry, Ginger, 25.4 Fl Oz (Rosé, Pack of 3)",1,hold,1,Negative
264,"TÖST Rosé All-Natural Non-Alcoholic Sparkling Beverage Refresher with White tea, Elderberry, Ginger, 25.4 Fl Oz (Rosé, Pack of 3)",1,glass,1,Negative
263,"TÖST Rosé All-Natural Non-Alcoholic Sparkling Beverage Refresher with White tea, Elderberry, Ginger, 25.4 Fl Oz (Rosé, Pack of 3)",1,food,1,Negative
285,"TÖST Rosé All-Natural Non-Alcoholic Sparkling Beverage Refresher with White tea, Elderberry, Ginger, 25.4 Fl Oz (Rosé, Pack of 3)",1,super,1,Negative
261,"TÖST Rosé All-Natural Non-Alcoholic Sparkling Beverage Refresher with White tea, Elderberry, Ginger, 25.4 Fl Oz (Rosé, Pack of 3)",1,expensive,1,Negative
286,"TÖST Rosé All-Natural Non-Alcoholic Sparkling Beverage Refresher with White tea, Elderberry, Ginger, 25.4 Fl Oz (Rosé, Pack of 3)",1,taste,1,Negative
288,"TÖST Rosé All-Natural Non-Alcoholic Sparkling Beverage Refresher with White tea, Elderberry, Ginger, 25.4 Fl Oz (Rosé, Pack of 3)",1,try,1,Negative
308,"TÖST Rosé All-Natural Non-Alcoholic Sparkling Beverage Refresher with White tea, Elderberry, Ginger, 25.4 Fl Oz (Rosé, Pack of 3)",5,effect,1,Positive
306,"TÖST Rosé All-Natural Non-Alcoholic Sparkling Beverage Refresher with White tea, Elderberry, Ginger, 25.4 Fl Oz (Rosé, Pack of 3)",5,diet,1,Positive
305,"TÖST Rosé All-Natural Non-Alcoholic Sparkling Beverage Refresher with White tea, Elderberry, Ginger, 25.4 Fl Oz (Rosé, Pack of 3)",5,delicious,1,Positive
304,"TÖST Rosé All-Natural Non-Alcoholic Sparkling Beverage Refresher with White tea, Elderberry, Ginger, 25.4 Fl Oz (Rosé, Pack of 3)",5,contains,1,Positive
303,"TÖST Rosé All-Natural Non-Alcoholic Sparkling Beverage Refresher with White tea, Elderberry, Ginger, 25.4 Fl Oz (Rosé, Pack of 3)",5,cocktail,1,Positive
302,"TÖST Rosé All-Natural Non-Alcoholic Sparkling Beverage Refresher with White tea, Elderberry, Ginger, 25.4 Fl Oz (Rosé, Pack of 3)",5,chill,1,Positive
301,"TÖST Rosé All-Natural Non-Alcoholic Sparkling Beverage Refresher with White tea, Elderberry, Ginger, 25.4 Fl Oz (Rosé, Pack of 3)",5,chemical,1,Positive
300,"TÖST Rosé All-Natural Non-Alcoholic Sparkling Beverage Refresher with White tea, Elderberry, Ginger, 25.4 Fl Oz (Rosé, Pack of 3)",5,calorie,1,Positive
299,"TÖST Rosé All-Natural Non-Alcoholic Sparkling Beverage Refresher with White tea, Elderberry, Ginger, 25.4 Fl Oz (Rosé, Pack of 3)",5,buy,1,Positive
298,"TÖST Rosé All-Natural Non-Alcoholic Sparkling Beverage Refresher with White tea, Elderberry, Ginger, 25.4 Fl Oz (Rosé, Pack of 3)",5,awful,1,Positive
297,"TÖST Rosé All-Natural Non-Alcoholic Sparkling Beverage Refresher with White tea, Elderberry, Ginger, 25.4 Fl Oz (Rosé, Pack of 3)",5,aspect,1,Positive
296,"TÖST Rosé All-Natural Non-Alcoholic Sparkling Beverage Refresher with White tea, Elderberry, Ginger, 25.4 Fl Oz (Rosé, Pack of 3)",5,always,1,Positive
295,"TÖST Rosé All-Natural Non-Alcoholic Sparkling Beverage Refresher with White tea, Elderberry, Ginger, 25.4 Fl Oz (Rosé, Pack of 3)",5,alcoholic,1,Positive
293,"TÖST Rosé All-Natural Non-Alcoholic Sparkling Beverage Refresher with White tea, Elderberry, Ginger, 25.4 Fl Oz (Rosé, Pack of 3)",5,add,1,Positive
291,"TÖST Rosé All-Natural Non-Alcoholic Sparkling Beverage Refresher with White tea, Elderberry, Ginger, 25.4 Fl Oz (Rosé, Pack of 3)",1,worth,1,Negative
290,"TÖST Rosé All-Natural Non-Alcoholic Sparkling Beverage Refresher with White tea, Elderberry, Ginger, 25.4 Fl Oz (Rosé, Pack of 3)",1,wo,1,Negative
289,"TÖST Rosé All-Natural Non-Alcoholic Sparkling Beverage Refresher with White tea, Elderberry, Ginger, 25.4 Fl Oz (Rosé, Pack of 3)",1,wine,1,Negative
287,"TÖST Rosé All-Natural Non-Alcoholic Sparkling Beverage Refresher with White tea, Elderberry, Ginger, 25.4 Fl Oz (Rosé, Pack of 3)",1,though,1,Negative
165,"TÖST All-Natural Non-Alcoholic Sparkling Beverage with White tea, White cranberry, Ginger, 25.4 Fl Oz (Pack of 6)",5,lost,1,Positive
179,"TÖST All-Natural Non-Alcoholic Sparkling Beverage with White tea, White cranberry, Ginger, 25.4 Fl Oz (Pack of 6)",5,people,1,Positive
163,"TÖST All-Natural Non-Alcoholic Sparkling Beverage with White tea, White cranberry, Ginger, 25.4 Fl Oz (Pack of 6)",5,locally,1,Positive
53,"TÖST All-Natural Non-Alcoholic Sparkling Beverage with White tea, White cranberry, Ginger, 25.4 Fl Oz (Pack of 6)",2,unfortunately,1,Negative
52,"TÖST All-Natural Non-Alcoholic Sparkling Beverage with White tea, White cranberry, Ginger, 25.4 Fl Oz (Pack of 6)",2,time,1,Negative
51,"TÖST All-Natural Non-Alcoholic Sparkling Beverage with White tea, White cranberry, Ginger, 25.4 Fl Oz (Pack of 6)",2,piece,1,Negative
50,"TÖST All-Natural Non-Alcoholic Sparkling Beverage with White tea, White cranberry, Ginger, 25.4 Fl Oz (Pack of 6)",2,one,1,Negative
49,"TÖST All-Natural Non-Alcoholic Sparkling Beverage with White tea, White cranberry, Ginger, 25.4 Fl Oz (Pack of 6)",2,disappointing,1,Negative
92,"TÖST All-Natural Non-Alcoholic Sparkling Beverage with White tea, White cranberry, Ginger, 25.4 Fl Oz (Pack of 6)",5,amazon,1,Positive
91,"TÖST All-Natural Non-Alcoholic Sparkling Beverage with White tea, White cranberry, Ginger, 25.4 Fl Oz (Pack of 6)",5,although,1,Positive
90,"TÖST All-Natural Non-Alcoholic Sparkling Beverage with White tea, White cranberry, Ginger, 25.4 Fl Oz (Pack of 6)",5,alternative,1,Positive
89,"TÖST All-Natural Non-Alcoholic Sparkling Beverage with White tea, White cranberry, Ginger, 25.4 Fl Oz (Pack of 6)",5,along,1,Positive
88,"TÖST All-Natural Non-Alcoholic Sparkling Beverage with White tea, White cranberry, Ginger, 25.4 Fl Oz (Pack of 6)",5,alcoholic,1,Positive
86,"TÖST All-Natural Non-Alcoholic Sparkling Beverage with White tea, White cranberry, Ginger, 25.4 Fl Oz (Pack of 6)",5,agave,1,Positive
84,"TÖST All-Natural Non-Alcoholic Sparkling Beverage with White tea, White cranberry, Ginger, 25.4 Fl Oz (Pack of 6)",5,absolutely,1,Positive
82,"TÖST All-Natural Non-Alcoholic Sparkling Beverage with White tea, White cranberry, Ginger, 25.4 Fl Oz (Pack of 6)",4,think,1,Positive
164,"TÖST All-Natural Non-Alcoholic Sparkling Beverage with White tea, White cranberry, Ginger, 25.4 Fl Oz (Pack of 6)",5,looking,1,Positive
79,"TÖST All-Natural Non-Alcoholic Sparkling Beverage with White tea, White cranberry, Ginger, 25.4 Fl Oz (Pack of 6)",4,glass,1,Positive
78,"TÖST All-Natural Non-Alcoholic Sparkling Beverage with White tea, White cranberry, Ginger, 25.4 Fl Oz (Pack of 6)",4,feel,1,Positive
77,"TÖST All-Natural Non-Alcoholic Sparkling Beverage with White tea, White cranberry, Ginger, 25.4 Fl Oz (Pack of 6)",4,fancy,1,Positive
76,"TÖST All-Natural Non-Alcoholic Sparkling Beverage with White tea, White cranberry, Ginger, 25.4 Fl Oz (Pack of 6)",4,everyone,1,Positive
75,"TÖST All-Natural Non-Alcoholic Sparkling Beverage with White tea, White cranberry, Ginger, 25.4 Fl Oz (Pack of 6)",4,chill,1,Positive
74,"TÖST All-Natural Non-Alcoholic Sparkling Beverage with White tea, White cranberry, Ginger, 25.4 Fl Oz (Pack of 6)",4,champagne,1,Positive
81,"TÖST All-Natural Non-Alcoholic Sparkling Beverage with White tea, White cranberry, Ginger, 25.4 Fl Oz (Pack of 6)",4,taste,1,Positive
93,"TÖST All-Natural Non-Alcoholic Sparkling Beverage with White tea, White cranberry, Ginger, 25.4 Fl Oz (Pack of 6)",5,apparently,1,Positive
48,"TÖST All-Natural Non-Alcoholic Sparkling Beverage with White tea, White cranberry, Ginger, 25.4 Fl Oz (Pack of 6)",2,cost,1,Negative
46,"TÖST All-Natural Non-Alcoholic Sparkling Beverage with White tea, White cranberry, Ginger, 25.4 Fl Oz (Pack of 6)",2,came,1,Negative
20,"TÖST All-Natural Non-Alcoholic Sparkling Beverage with White tea, White cranberry, Ginger, 25.4 Fl Oz (Pack of 6)",1,lack,1,Negative
19,"TÖST All-Natural Non-Alcoholic Sparkling Beverage with White tea, White cranberry, Ginger, 25.4 Fl Oz (Pack of 6)",1,label,1,Negative
18,"TÖST All-Natural Non-Alcoholic Sparkling Beverage with White tea, White cranberry, Ginger, 25.4 Fl Oz (Pack of 6)",1,item,1,Negative
17,"TÖST All-Natural Non-Alcoholic Sparkling Beverage with White tea, White cranberry, Ginger, 25.4 Fl Oz (Pack of 6)",1,go,1,Negative
16,"TÖST All-Natural Non-Alcoholic Sparkling Beverage with White tea, White cranberry, Ginger, 25.4 Fl Oz (Pack of 6)",1,gingery,1,Negative
15,"TÖST All-Natural Non-Alcoholic Sparkling Beverage with White tea, White cranberry, Ginger, 25.4 Fl Oz (Pack of 6)",1,gift,1,Negative
14,"TÖST All-Natural Non-Alcoholic Sparkling Beverage with White tea, White cranberry, Ginger, 25.4 Fl Oz (Pack of 6)",1,friend,1,Negative
24,"TÖST All-Natural Non-Alcoholic Sparkling Beverage with White tea, White cranberry, Ginger, 25.4 Fl Oz (Pack of 6)",1,paid,1,Negative
13,"TÖST All-Natural Non-Alcoholic Sparkling Beverage with White tea, White cranberry, Ginger, 25.4 Fl Oz (Pack of 6)",1,flat,1,Negative
11,"TÖST All-Natural Non-Alcoholic Sparkling Beverage with White tea, White cranberry, Ginger, 25.4 Fl Oz (Pack of 6)",1,expecting,1,Negative
10,"TÖST All-Natural Non-Alcoholic Sparkling Beverage with White tea, White cranberry, Ginger, 25.4 Fl Oz (Pack of 6)",1,eligible,1,Negative
9,"TÖST All-Natural Non-Alcoholic Sparkling Beverage with White tea, White cranberry, Ginger, 25.4 Fl Oz (Pack of 6)",1,due,1,Negative
8,"TÖST All-Natural Non-Alcoholic Sparkling Beverage with White tea, White cranberry, Ginger, 25.4 Fl Oz (Pack of 6)",1,contact,1,Negative
7,"TÖST All-Natural Non-Alcoholic Sparkling Beverage with White tea, White cranberry, Ginger, 25.4 Fl Oz (Pack of 6)",1,come,1,Negative
2,"TÖST All-Natural Non-Alcoholic Sparkling Beverage with White tea, White cranberry, Ginger, 25.4 Fl Oz (Pack of 6)",1,bit,1,Negative
1,"TÖST All-Natural Non-Alcoholic Sparkling Beverage with White tea, White cranberry, Ginger, 25.4 Fl Oz (Pack of 6)",1,arrived,1,Negative
12,"TÖST All-Natural Non-Alcoholic Sparkling Beverage with White tea, White cranberry, Ginger, 25.4 Fl Oz (Pack of 6)",1,find,1,Negative
47,"TÖST All-Natural Non-Alcoholic Sparkling Beverage with White tea, White cranberry, Ginger, 25.4 Fl Oz (Pack of 6)",2,case,1,Negative
25,"TÖST All-Natural Non-Alcoholic Sparkling Beverage with White tea, White cranberry, Ginger, 25.4 Fl Oz (Pack of 6)",1,pregnant,1,Negative
27,"TÖST All-Natural Non-Alcoholic Sparkling Beverage with White tea, White cranberry, Ginger, 25.4 Fl Oz (Pack of 6)",1,replace,1,Negative
45,"TÖST All-Natural Non-Alcoholic Sparkling Beverage with White tea, White cranberry, Ginger, 25.4 Fl Oz (Pack of 6)",2,broken,1,Negative
44,"TÖST All-Natural Non-Alcoholic Sparkling Beverage with White tea, White cranberry, Ginger, 25.4 Fl Oz (Pack of 6)",2,bottle,1,Negative
43,"TÖST All-Natural Non-Alcoholic Sparkling Beverage with White tea, White cranberry, Ginger, 25.4 Fl Oz (Pack of 6)",2,arrives,1,Negative
42,"TÖST All-Natural Non-Alcoholic Sparkling Beverage with White tea, White cranberry, Ginger, 25.4 Fl Oz (Pack of 6)",1,would,1,Negative
41,"TÖST All-Natural Non-Alcoholic Sparkling Beverage with White tea, White cranberry, Ginger, 25.4 Fl Oz (Pack of 6)",1,way,1,Negative
40,"TÖST All-Natural Non-Alcoholic Sparkling Beverage with White tea, White cranberry, Ginger, 25.4 Fl Oz (Pack of 6)",1,wasted,1,Negative
39,"TÖST All-Natural Non-Alcoholic Sparkling Beverage with White tea, White cranberry, Ginger, 25.4 Fl Oz (Pack of 6)",1,use,1,Negative
26,"TÖST All-Natural Non-Alcoholic Sparkling Beverage with White tea, White cranberry, Ginger, 25.4 Fl Oz (Pack of 6)",1,quite,1,Negative
38,"TÖST All-Natural Non-Alcoholic Sparkling Beverage with White tea, White cranberry, Ginger, 25.4 Fl Oz (Pack of 6)",1,two,1,Negative
36,"TÖST All-Natural Non-Alcoholic Sparkling Beverage with White tea, White cranberry, Ginger, 25.4 Fl Oz (Pack of 6)",1,three,1,Negative
35,"TÖST All-Natural Non-Alcoholic Sparkling Beverage with White tea, White cranberry, Ginger, 25.4 Fl Oz (Pack of 6)",1,third,1,Negative
34,"TÖST All-Natural Non-Alcoholic Sparkling Beverage with White tea, White cranberry, Ginger, 25.4 Fl Oz (Pack of 6)",1,thankyou,1,Negative
32,"TÖST All-Natural Non-Alcoholic Sparkling Beverage with White tea, White cranberry, Ginger, 25.4 Fl Oz (Pack of 6)",1,supposed,1,Negative
31,"TÖST All-Natural Non-Alcoholic Sparkling Beverage with White tea, White cranberry, Ginger, 25.4 Fl Oz (Pack of 6)",1,service,1,Negative
30,"TÖST All-Natural Non-Alcoholic Sparkling Beverage with White tea, White cranberry, Ginger, 25.4 Fl Oz (Pack of 6)",1,seller,1,Negative
29,"TÖST All-Natural Non-Alcoholic Sparkling Beverage with White tea, White cranberry, Ginger, 25.4 Fl Oz (Pack of 6)",1,sad,1,Negative
37,"TÖST All-Natural Non-Alcoholic Sparkling Beverage with White tea, White cranberry, Ginger, 25.4 Fl Oz (Pack of 6)",1,totally,1,Negative
94,"TÖST All-Natural Non-Alcoholic Sparkling Beverage with White tea, White cranberry, Ginger, 25.4 Fl Oz (Pack of 6)",5,awesome,1,Positive
80,"TÖST All-Natural Non-Alcoholic Sparkling Beverage with White tea, White cranberry, Ginger, 25.4 Fl Oz (Pack of 6)",4,pour,1,Positive
358,"TÖST Rosé All-Natural Non-Alcoholic Sparkling Beverage Refresher with White tea, Elderberry, Ginger, 25.4 Fl Oz (Rosé, Pack of 3)",5,zero,1,Positive
120,"TÖST All-Natural Non-Alcoholic Sparkling Beverage with White tea, White cranberry, Ginger, 25.4 Fl Oz (Pack of 6)",5,crisp,1,Positive
121,"TÖST All-Natural Non-Alcoholic Sparkling Beverage with White tea, White cranberry, Ginger, 25.4 Fl Oz (Pack of 6)",5,cx,1,Positive
122,"TÖST All-Natural Non-Alcoholic Sparkling Beverage with White tea, White cranberry, Ginger, 25.4 Fl Oz (Pack of 6)",5,december,1,Positive
124,"TÖST All-Natural Non-Alcoholic Sparkling Beverage with White tea, White cranberry, Ginger, 25.4 Fl Oz (Pack of 6)",5,delish,1,Positive
125,"TÖST All-Natural Non-Alcoholic Sparkling Beverage with White tea, White cranberry, Ginger, 25.4 Fl Oz (Pack of 6)",5,delivery,1,Positive
126,"TÖST All-Natural Non-Alcoholic Sparkling Beverage with White tea, White cranberry, Ginger, 25.4 Fl Oz (Pack of 6)",5,disease,1,Positive
127,"TÖST All-Natural Non-Alcoholic Sparkling Beverage with White tea, White cranberry, Ginger, 25.4 Fl Oz (Pack of 6)",5,down,1,Positive
128,"TÖST All-Natural Non-Alcoholic Sparkling Beverage with White tea, White cranberry, Ginger, 25.4 Fl Oz (Pack of 6)",5,downside,1,Positive
129,"TÖST All-Natural Non-Alcoholic Sparkling Beverage with White tea, White cranberry, Ginger, 25.4 Fl Oz (Pack of 6)",5,dozen,1,Positive
131,"TÖST All-Natural Non-Alcoholic Sparkling Beverage with White tea, White cranberry, Ginger, 25.4 Fl Oz (Pack of 6)",5,early,1,Positive
156,"TÖST All-Natural Non-Alcoholic Sparkling Beverage with White tea, White cranberry, Ginger, 25.4 Fl Oz (Pack of 6)",5,introduced,1,Positive
132,"TÖST All-Natural Non-Alcoholic Sparkling Beverage with White tea, White cranberry, Ginger, 25.4 Fl Oz (Pack of 6)",5,enjoy,1,Positive
96,"TÖST All-Natural Non-Alcoholic Sparkling Beverage with White tea, White cranberry, Ginger, 25.4 Fl Oz (Pack of 6)",5,beverage,1,Positive
134,"TÖST All-Natural Non-Alcoholic Sparkling Beverage with White tea, White cranberry, Ginger, 25.4 Fl Oz (Pack of 6)",5,evening,1,Positive
119,"TÖST All-Natural Non-Alcoholic Sparkling Beverage with White tea, White cranberry, Ginger, 25.4 Fl Oz (Pack of 6)",5,cranberry,1,Positive
135,"TÖST All-Natural Non-Alcoholic Sparkling Beverage with White tea, White cranberry, Ginger, 25.4 Fl Oz (Pack of 6)",5,extract,1,Positive
155,"TÖST All-Natural Non-Alcoholic Sparkling Beverage with White tea, White cranberry, Ginger, 25.4 Fl Oz (Pack of 6)",5,instead,1,Positive
137,"TÖST All-Natural Non-Alcoholic Sparkling Beverage with White tea, White cranberry, Ginger, 25.4 Fl Oz (Pack of 6)",5,fav,1,Positive
138,"TÖST All-Natural Non-Alcoholic Sparkling Beverage with White tea, White cranberry, Ginger, 25.4 Fl Oz (Pack of 6)",5,festive,1,Positive
139,"TÖST All-Natural Non-Alcoholic Sparkling Beverage with White tea, White cranberry, Ginger, 25.4 Fl Oz (Pack of 6)",5,find,1,Positive
141,"TÖST All-Natural Non-Alcoholic Sparkling Beverage with White tea, White cranberry, Ginger, 25.4 Fl Oz (Pack of 6)",5,flute,1,Positive
154,"TÖST All-Natural Non-Alcoholic Sparkling Beverage with White tea, White cranberry, Ginger, 25.4 Fl Oz (Pack of 6)",5,imo,1,Positive
143,"TÖST All-Natural Non-Alcoholic Sparkling Beverage with White tea, White cranberry, Ginger, 25.4 Fl Oz (Pack of 6)",5,fun,1,Positive
153,"TÖST All-Natural Non-Alcoholic Sparkling Beverage with White tea, White cranberry, Ginger, 25.4 Fl Oz (Pack of 6)",5,immediately,1,Positive
145,"TÖST All-Natural Non-Alcoholic Sparkling Beverage with White tea, White cranberry, Ginger, 25.4 Fl Oz (Pack of 6)",5,ginger,1,Positive
146,"TÖST All-Natural Non-Alcoholic Sparkling Beverage with White tea, White cranberry, Ginger, 25.4 Fl Oz (Pack of 6)",5,given,1,Positive
147,"TÖST All-Natural Non-Alcoholic Sparkling Beverage with White tea, White cranberry, Ginger, 25.4 Fl Oz (Pack of 6)",5,giving,1,Positive
149,"TÖST All-Natural Non-Alcoholic Sparkling Beverage with White tea, White cranberry, Ginger, 25.4 Fl Oz (Pack of 6)",5,grape,1,Positive
150,"TÖST All-Natural Non-Alcoholic Sparkling Beverage with White tea, White cranberry, Ginger, 25.4 Fl Oz (Pack of 6)",5,hint,1,Positive
151,"TÖST All-Natural Non-Alcoholic Sparkling Beverage with White tea, White cranberry, Ginger, 25.4 Fl Oz (Pack of 6)",5,hit,1,Positive
136,"TÖST All-Natural Non-Alcoholic Sparkling Beverage with White tea, White cranberry, Ginger, 25.4 Fl Oz (Pack of 6)",5,faux,1,Positive
118,"TÖST All-Natural Non-Alcoholic Sparkling Beverage with White tea, White cranberry, Ginger, 25.4 Fl Oz (Pack of 6)",5,could,1,Positive
152,"TÖST All-Natural Non-Alcoholic Sparkling Beverage with White tea, White cranberry, Ginger, 25.4 Fl Oz (Pack of 6)",5,ice,1,Positive
112,"TÖST All-Natural Non-Alcoholic Sparkling Beverage with White tea, White cranberry, Ginger, 25.4 Fl Oz (Pack of 6)",5,celebrate,1,Positive
103,"TÖST All-Natural Non-Alcoholic Sparkling Beverage with White tea, White cranberry, Ginger, 25.4 Fl Oz (Pack of 6)",5,brought,1,Positive
101,"TÖST All-Natural Non-Alcoholic Sparkling Beverage with White tea, White cranberry, Ginger, 25.4 Fl Oz (Pack of 6)",5,box,1,Positive
106,"TÖST All-Natural Non-Alcoholic Sparkling Beverage with White tea, White cranberry, Ginger, 25.4 Fl Oz (Pack of 6)",5,bunch,1,Positive
107,"TÖST All-Natural Non-Alcoholic Sparkling Beverage with White tea, White cranberry, Ginger, 25.4 Fl Oz (Pack of 6)",5,buy,1,Positive
109,"TÖST All-Natural Non-Alcoholic Sparkling Beverage with White tea, White cranberry, Ginger, 25.4 Fl Oz (Pack of 6)",5,calm,1,Positive
100,"TÖST All-Natural Non-Alcoholic Sparkling Beverage with White tea, White cranberry, Ginger, 25.4 Fl Oz (Pack of 6)",5,bought,1,Positive
99,"TÖST All-Natural Non-Alcoholic Sparkling Beverage with White tea, White cranberry, Ginger, 25.4 Fl Oz (Pack of 6)",5,bottlles,1,Positive
160,"TÖST All-Natural Non-Alcoholic Sparkling Beverage with White tea, White cranberry, Ginger, 25.4 Fl Oz (Pack of 6)",5,light,1,Positive
111,"TÖST All-Natural Non-Alcoholic Sparkling Beverage with White tea, White cranberry, Ginger, 25.4 Fl Oz (Pack of 6)",5,carbonation,1,Positive
159,"TÖST All-Natural Non-Alcoholic Sparkling Beverage with White tea, White cranberry, Ginger, 25.4 Fl Oz (Pack of 6)",5,kidney,1,Positive
114,"TÖST All-Natural Non-Alcoholic Sparkling Beverage with White tea, White cranberry, Ginger, 25.4 Fl Oz (Pack of 6)",5,cocktail,1,Positive
104,"TÖST All-Natural Non-Alcoholic Sparkling Beverage with White tea, White cranberry, Ginger, 25.4 Fl Oz (Pack of 6)",5,bubble,1,Positive
161,"TÖST All-Natural Non-Alcoholic Sparkling Beverage with White tea, White cranberry, Ginger, 25.4 Fl Oz (Pack of 6)",5,little,1,Positive
117,"TÖST All-Natural Non-Alcoholic Sparkling Beverage with White tea, White cranberry, Ginger, 25.4 Fl Oz (Pack of 6)",5,costly,1,Positive
158,"TÖST All-Natural Non-Alcoholic Sparkling Beverage with White tea, White cranberry, Ginger, 25.4 Fl Oz (Pack of 6)",5,juice,1,Positive
97,"TÖST All-Natural Non-Alcoholic Sparkling Beverage with White tea, White cranberry, Ginger, 25.4 Fl Oz (Pack of 6)",5,big,1,Positive
157,"TÖST All-Natural Non-Alcoholic Sparkling Beverage with White tea, White cranberry, Ginger, 25.4 Fl Oz (Pack of 6)",5,issue,1,Positive
115,"TÖST All-Natural Non-Alcoholic Sparkling Beverage with White tea, White cranberry, Ginger, 25.4 Fl Oz (Pack of 6)",5,come,1,Positive
116,"TÖST All-Natural Non-Alcoholic Sparkling Beverage with White tea, White cranberry, Ginger, 25.4 Fl Oz (Pack of 6)",5,consume,1,Positive
162,"TÖST All-Natural Non-Alcoholic Sparkling Beverage with White tea, White cranberry, Ginger, 25.4 Fl Oz (Pack of 6)",5,live,1,Positive
5,"TÖST All-Natural Non-Alcoholic Sparkling Beverage with White tea, White cranberry, Ginger, 25.4 Fl Oz (Pack of 6)",1,ca,2,Negative
144,"TÖST All-Natural Non-Alcoholic Sparkling Beverage with White tea, White cranberry, Ginger, 25.4 Fl Oz (Pack of 6)",5,gift,2,Positive
322,"TÖST Rosé All-Natural Non-Alcoholic Sparkling Beverage Refresher with White tea, Elderberry, Ginger, 25.4 Fl Oz (Rosé, Pack of 3)",5,happy,2,Positive
324,"TÖST Rosé All-Natural Non-Alcoholic Sparkling Beverage Refresher with White tea, Elderberry, Ginger, 25.4 Fl Oz (Rosé, Pack of 3)",5,hour,2,Positive
329,"TÖST Rosé All-Natural Non-Alcoholic Sparkling Beverage Refresher with White tea, Elderberry, Ginger, 25.4 Fl Oz (Rosé, Pack of 3)",5,low,2,Positive
21,"TÖST All-Natural Non-Alcoholic Sparkling Beverage with White tea, White cranberry, Ginger, 25.4 Fl Oz (Pack of 6)",1,link,2,Negative
22,"TÖST All-Natural Non-Alcoholic Sparkling Beverage with White tea, White cranberry, Ginger, 25.4 Fl Oz (Pack of 6)",1,money,2,Negative
148,"TÖST All-Natural Non-Alcoholic Sparkling Beverage with White tea, White cranberry, Ginger, 25.4 Fl Oz (Pack of 6)",5,glass,2,Positive
351,"TÖST Rosé All-Natural Non-Alcoholic Sparkling Beverage Refresher with White tea, Elderberry, Ginger, 25.4 Fl Oz (Rosé, Pack of 3)",5,thank,2,Positive
23,"TÖST All-Natural Non-Alcoholic Sparkling Beverage with White tea, White cranberry, Ginger, 25.4 Fl Oz (Pack of 6)",1,one,2,Negative
328,"TÖST Rosé All-Natural Non-Alcoholic Sparkling Beverage Refresher with White tea, Elderberry, Ginger, 25.4 Fl Oz (Rosé, Pack of 3)",5,look,2,Positive
28,"TÖST All-Natural Non-Alcoholic Sparkling Beverage with White tea, White cranberry, Ginger, 25.4 Fl Oz (Pack of 6)",1,replacement,2,Negative
280,"TÖST Rosé All-Natural Non-Alcoholic Sparkling Beverage Refresher with White tea, Elderberry, Ginger, 25.4 Fl Oz (Rosé, Pack of 3)",1,replacement,2,Negative
195,"TÖST All-Natural Non-Alcoholic Sparkling Beverage with White tea, White cranberry, Ginger, 25.4 Fl Oz (Pack of 6)",5,shipping,2,Positive
282,"TÖST Rosé All-Natural Non-Alcoholic Sparkling Beverage Refresher with White tea, Elderberry, Ginger, 25.4 Fl Oz (Rosé, Pack of 3)",1,shattered,2,Negative
345,"TÖST Rosé All-Natural Non-Alcoholic Sparkling Beverage Refresher with White tea, Elderberry, Ginger, 25.4 Fl Oz (Rosé, Pack of 3)",5,sparkling,2,Positive
213,"TÖST All-Natural Non-Alcoholic Sparkling Beverage with White tea, White cranberry, Ginger, 25.4 Fl Oz (Pack of 6)",5,tost,2,Positive
180,"TÖST All-Natural Non-Alcoholic Sparkling Beverage with White tea, White cranberry, Ginger, 25.4 Fl Oz (Pack of 6)",5,perfect,2,Positive
292,"TÖST Rosé All-Natural Non-Alcoholic Sparkling Beverage Refresher with White tea, Elderberry, Ginger, 25.4 Fl Oz (Rosé, Pack of 3)",1,would,2,Negative
294,"TÖST Rosé All-Natural Non-Alcoholic Sparkling Beverage Refresher with White tea, Elderberry, Ginger, 25.4 Fl Oz (Rosé, Pack of 3)",5,alcohol,2,Positive
173,"TÖST All-Natural Non-Alcoholic Sparkling Beverage with White tea, White cranberry, Ginger, 25.4 Fl Oz (Pack of 6)",5,non-alcoholic,2,Positive
140,"TÖST All-Natural Non-Alcoholic Sparkling Beverage with White tea, White cranberry, Ginger, 25.4 Fl Oz (Pack of 6)",5,flavor,2,Positive
266,"TÖST Rosé All-Natural Non-Alcoholic Sparkling Beverage Refresher with White tea, Elderberry, Ginger, 25.4 Fl Oz (Rosé, Pack of 3)",1,item,2,Negative
133,"TÖST All-Natural Non-Alcoholic Sparkling Beverage with White tea, White cranberry, Ginger, 25.4 Fl Oz (Pack of 6)",5,enjoyed,2,Positive
108,"TÖST All-Natural Non-Alcoholic Sparkling Beverage with White tea, White cranberry, Ginger, 25.4 Fl Oz (Pack of 6)",5,ca,2,Positive
6,"TÖST All-Natural Non-Alcoholic Sparkling Beverage with White tea, White cranberry, Ginger, 25.4 Fl Oz (Pack of 6)",1,came,2,Negative
278,"TÖST Rosé All-Natural Non-Alcoholic Sparkling Beverage Refresher with White tea, Elderberry, Ginger, 25.4 Fl Oz (Rosé, Pack of 3)",1,really,2,Negative
259,"TÖST Rosé All-Natural Non-Alcoholic Sparkling Beverage Refresher with White tea, Elderberry, Ginger, 25.4 Fl Oz (Rosé, Pack of 3)",1,drink,2,Negative
83,"TÖST All-Natural Non-Alcoholic Sparkling Beverage with White tea, White cranberry, Ginger, 25.4 Fl Oz (Pack of 6)",5,able,2,Positive
196,"TÖST All-Natural Non-Alcoholic Sparkling Beverage with White tea, White cranberry, Ginger, 25.4 Fl Oz (Pack of 6)",5,shower,2,Positive
110,"TÖST All-Natural Non-Alcoholic Sparkling Beverage with White tea, White cranberry, Ginger, 25.4 Fl Oz (Pack of 6)",5,came,2,Positive
3,"TÖST All-Natural Non-Alcoholic Sparkling Beverage with White tea, White cranberry, Ginger, 25.4 Fl Oz (Pack of 6)",1,bottle,3,Negative
176,"TÖST All-Natural Non-Alcoholic Sparkling Beverage with White tea, White cranberry, Ginger, 25.4 Fl Oz (Pack of 6)",5,one,3,Positive
341,"TÖST Rosé All-Natural Non-Alcoholic Sparkling Beverage Refresher with White tea, Elderberry, Ginger, 25.4 Fl Oz (Rosé, Pack of 3)",5,rose,3,Positive
95,"TÖST All-Natural Non-Alcoholic Sparkling Beverage with White tea, White cranberry, Ginger, 25.4 Fl Oz (Pack of 6)",5,baby,3,Positive
33,"TÖST All-Natural Non-Alcoholic Sparkling Beverage with White tea, White cranberry, Ginger, 25.4 Fl Oz (Pack of 6)",1,taste,3,Negative
243,"TÖST Rosé All-Natural Non-Alcoholic Sparkling Beverage Refresher with White tea, Elderberry, Ginger, 25.4 Fl Oz (Rosé, Pack of 3)",1,arrived,3,Negative
102,"TÖST All-Natural Non-Alcoholic Sparkling Beverage with White tea, White cranberry, Ginger, 25.4 Fl Oz (Pack of 6)",5,broken,3,Positive
85,"TÖST All-Natural Non-Alcoholic Sparkling Beverage with White tea, White cranberry, Ginger, 25.4 Fl Oz (Pack of 6)",5,af,3,Positive
229,"TÖST All-Natural Non-Alcoholic Sparkling Beverage with White tea, White cranberry, Ginger, 25.4 Fl Oz (Pack of 6)",5,wine,3,Positive
188,"TÖST All-Natural Non-Alcoholic Sparkling Beverage with White tea, White cranberry, Ginger, 25.4 Fl Oz (Pack of 6)",5,refreshing,3,Positive
113,"TÖST All-Natural Non-Alcoholic Sparkling Beverage with White tea, White cranberry, Ginger, 25.4 Fl Oz (Pack of 6)",5,champagne,3,Positive
123,"TÖST All-Natural Non-Alcoholic Sparkling Beverage with White tea, White cranberry, Ginger, 25.4 Fl Oz (Pack of 6)",5,delicious,3,Positive
206,"TÖST All-Natural Non-Alcoholic Sparkling Beverage with White tea, White cranberry, Ginger, 25.4 Fl Oz (Pack of 6)",5,tasty,3,Positive
199,"TÖST All-Natural Non-Alcoholic Sparkling Beverage with White tea, White cranberry, Ginger, 25.4 Fl Oz (Pack of 6)",5,sparkling,3,Positive
142,"TÖST All-Natural Non-Alcoholic Sparkling Beverage with White tea, White cranberry, Ginger, 25.4 Fl Oz (Pack of 6)",5,friend,3,Positive
105,"TÖST All-Natural Non-Alcoholic Sparkling Beverage with White tea, White cranberry, Ginger, 25.4 Fl Oz (Pack of 6)",5,bubbly,4,Positive
4,"TÖST All-Natural Non-Alcoholic Sparkling Beverage with White tea, White cranberry, Ginger, 25.4 Fl Oz (Pack of 6)",1,broken,4,Negative
98,"TÖST All-Natural Non-Alcoholic Sparkling Beverage with White tea, White cranberry, Ginger, 25.4 Fl Oz (Pack of 6)",5,bottle,4,Positive
273,"TÖST Rosé All-Natural Non-Alcoholic Sparkling Beverage Refresher with White tea, Elderberry, Ginger, 25.4 Fl Oz (Rosé, Pack of 3)",1,one,4,Negative
307,"TÖST Rosé All-Natural Non-Alcoholic Sparkling Beverage Refresher with White tea, Elderberry, Ginger, 25.4 Fl Oz (Rosé, Pack of 3)",5,drink,5,Positive
204,"TÖST All-Natural Non-Alcoholic Sparkling Beverage with White tea, White cranberry, Ginger, 25.4 Fl Oz (Pack of 6)",5,taste,5,Positive
87,"TÖST All-Natural Non-Alcoholic Sparkling Beverage with White tea, White cranberry, Ginger, 25.4 Fl Oz (Pack of 6)",5,alcohol,6,Positive
130,"TÖST All-Natural Non-Alcoholic Sparkling Beverage with White tea, White cranberry, Ginger, 25.4 Fl Oz (Pack of 6)",5,drink,7,Positive
